{"cameraMode":{"drawMode":0,"name":"Shaded","section":"Shading Mode"},"sceneLighting":false,"audioPlay":false,"sceneViewState":{"showFog":true,"showMaterialUpdate":false,"showSkybox":true,"showFlares":true,"showImageEffects":true,"showParticleSystems":true},"in2DMode":false,"pivot":{"x":4.044661998748779,"y":1.2000000476837159,"z":1.9348511695861817},"rotation":{"x":-0.38645365834236147,"y":0.2000417560338974,"z":-0.0862594023346901,"w":-0.8962121605873108},"size":1.7885855436325074,"orthographic":false}