{"cameraMode":{"drawMode":0,"name":"Shaded","section":"Shading Mode"},"sceneLighting":false,"audioPlay":false,"sceneViewState":{"showFog":true,"showMaterialUpdate":false,"showSkybox":true,"showFlares":true,"showImageEffects":true,"showParticleSystems":true},"in2DMode":false,"pivot":{"x":32.6417350769043,"y":29.032470703125,"z":-15.394389152526856},"rotation":{"x":-0.18677563965320588,"y":0.6108967661857605,"z":-0.15125682950019837,"w":-0.7543483376502991},"size":2.258399724960327,"orthographic":false}