{"cameraMode":{"drawMode":0,"name":"Shaded","section":"Shading Mode"},"sceneLighting":false,"audioPlay":false,"sceneViewState":{"showFog":true,"showMaterialUpdate":false,"showSkybox":true,"showFlares":true,"showImageEffects":true,"showParticleSystems":true},"in2DMode":false,"pivot":{"x":0.0,"y":1.7016499042510987,"z":3.7965939044952394},"rotation":{"x":-0.13406234979629517,"y":0.31574708223342898,"z":-0.045114994049072269,"w":-0.9382407069206238},"size":10.32951545715332,"orthographic":false}