{"cameraMode":{"drawMode":0,"name":"Shaded","section":"Shading Mode"},"sceneLighting":false,"audioPlay":false,"sceneViewState":{"showFog":true,"showMaterialUpdate":false,"showSkybox":true,"showFlares":true,"showImageEffects":true,"showParticleSystems":true},"in2DMode":false,"pivot":{"x":0.0,"y":0.9778892993927002,"z":4.428182125091553},"rotation":{"x":0.0021422815043479206,"y":-0.9400297403335571,"z":0.34103479981422427,"w":0.005901693366467953},"size":16.84596061706543,"orthographic":false}