{"cameraMode":{"drawMode":0,"name":"Shaded","section":"Shading Mode"},"sceneLighting":false,"audioPlay":false,"sceneViewState":{"showFog":true,"showMaterialUpdate":false,"showSkybox":true,"showFlares":true,"showImageEffects":true,"showParticleSystems":true},"in2DMode":false,"pivot":{"x":4.044661998748779,"y":1.2000000476837159,"z":1.9348511695861817},"rotation":{"x":-0.12339280545711518,"y":0.743117094039917,"z":-0.6419900059700012,"w":-0.14282917976379395},"size":1.7885855436325074,"orthographic":false}