{"cameraMode":{"drawMode":0,"name":"Shaded","section":"Shading Mode"},"sceneLighting":false,"audioPlay":false,"sceneViewState":{"showFog":true,"showMaterialUpdate":false,"showSkybox":true,"showFlares":true,"showImageEffects":true,"showParticleSystems":true},"in2DMode":false,"pivot":{"x":4.044661998748779,"y":1.2000000476837159,"z":1.9348511695861817},"rotation":{"x":-0.2947600781917572,"y":0.6371797919273377,"z":-0.28846660256385805,"w":-0.6510801911354065},"size":1.7885855436325074,"orthographic":false}