{"cameraMode":{"drawMode":0,"name":"Shaded","section":"Shading Mode"},"sceneLighting":false,"audioPlay":false,"sceneViewState":{"showFog":true,"showMaterialUpdate":false,"showSkybox":true,"showFlares":true,"showImageEffects":true,"showParticleSystems":true},"in2DMode":false,"pivot":{"x":32.6417350769043,"y":0.305264949798584,"z":-15.394389152526856},"rotation":{"x":-0.2947600781917572,"y":0.6371797919273377,"z":-0.28846660256385805,"w":-0.6510801911354065},"size":2.2583985328674318,"orthographic":false}